<?xml version="1.0" encoding="UTF-8"?>
<graph>
    <edge>
        <u>0</u>
        <v>1</v>
        <weight>1</weight>
    </edge>
    <edge>
        <u>0</u>
        <v>2</v>
        <weight>4</weight>
    </edge>
    <edge>
        <u>1</u>
        <v>2</v>
        <weight>2</weight>
    </edge>
    <edge>
        <u>1</u>
        <v>3</v>
        <weight>5</weight>
    </edge>
    <edge>
        <u>2</u>
        <v>3</v>
        <weight>3</weight>
    </edge>
</graph>
